"id_gare","nombre_trains","capacite_max","taux_saturation"
3,"61",80,"76.2500000000000000"
5,"32",80,"40.0000000000000000"
6,"27",80,"33.7500000000000000"
7,"20",64,"31.2500000000000000"
4,"19",64,"29.6875000000000000"
2,"24",96,"25.0000000000000000"
12,"12",64,"18.7500000000000000"
10,"15",80,"18.7500000000000000"
1,"16",96,"16.6666666666666667"
8,"6",64,"9.3750000000000000"
11,"4",64,"6.2500000000000000"
